Pokedex Number,Name,Type 1,Type 2,Capture Rate,Generation,Abilities,Classification
1,Bulbasaur,Grass,Poison,45,1,"Overgrow,Chlorophyll",Seed Pokemon
2,Ivysaur,Grass,Poison,45,1,"Overgrow,Chlorophyll",Seed Pokemon
3,Venusaur,Grass,Poison,45,1,"Overgrow,Chlorophyll",Seed Pokemon
4,Charmander,Fire,None,45,1,"Blaze,SolarPower",Lizard Pokemon
5,Charmeleon,Fire,None,45,1,"Blaze,SolarPower",Flame Pokemon
6,Charizard,Fire,Flying,45,1,"Blaze,SolarPower",Flame Pokemon
7,Squirtle,Water,None,45,1,"Torrent,RainDish",Tiny Turtle Pokemon
8,Wartortle,Water,None,45,1,"Torrent,RainDish",Turtle Pokemon
9,Blastoise,Water,None,45,1,"Torrent,RainDish",Shellfish Pokemon
10,Caterpie,Bug,None,255,1,"ShieldDust,RunAway",Worm Pokemon
11,Metapod,Bug,None,120,1,ShedSkin,Cocoon Pokemon
12,Butterfree,Bug,Flying,45,1,"Compoundeyes,TintedLens",Butterfly Pokemon
13,Weedle,Bug,Poison,255,1,"ShieldDust,RunAway",Hairy Pokemon
14,Kakuna,Bug,Poison,120,1,ShedSkin,Cocoon Pokemon
15,Beedrill,Bug,Poison,45,1,"Swarm,Sniper",Poison Bee Pokemon
16,Pidgey,Normal,Flying,255,1,"KeenEye,TangledFeet,BigPecks",Tiny Bird Pokemon
17,Pidgeotto,Normal,Flying,120,1,"KeenEye,TangledFeet,BigPecks",Bird Pokemon
18,Pidgeot,Normal,Flying,45,1,"KeenEye,TangledFeet,BigPecks",Bird Pokemon
19,Rattata,Normal,Dark,255,1,"RunAway,Guts,Hustle,Gluttony,Hustle,ThickFat",Mouse Pokemon
20,Raticate,Normal,Dark,127,1,"RunAway,Guts,Hustle,Gluttony,Hustle,ThickFat",Mouse Pokemon
21,Spearow,Normal,Flying,255,1,"KeenEye,Sniper",Tiny Bird Pokemon
22,Fearow,Normal,Flying,90,1,"KeenEye,Sniper",Beak Pokemon
23,Ekans,Poison,None,255,1,"Intimidate,ShedSkin,Unnerve",Snake Pokemon
24,Arbok,Poison,None,90,1,"Intimidate,ShedSkin,Unnerve",Cobra Pokemon
25,Pikachu,Electric,None,190,1,"Static,Lightningrod",Mouse Pokemon
26,Raichu,Electric,Electric,75,1,"Static,Lightningrod,SurgeSurfer",Mouse Pokemon
27,Sandshrew,Ground,Ice,255,1,"SandVeil,SandRush,SnowCloak,SlushRush",Mouse Pokemon
28,Sandslash,Ground,Ice,90,1,"SandVeil,SandRush,SnowCloak,SlushRush",Mouse Pokemon
29,Nidoran F,Poison,None,235,1,"PoisonPoint,Rivalry,Hustle",Poison Pin Pokemon
30,Nidorina,Poison,None,120,1,"PoisonPoint,Rivalry,Hustle",Poison Pin Pokemon
31,Nidoqueen,Poison,Ground,45,1,"PoisonPoint,Rivalry,SheerForce",Drill Pokemon
32,Nidoran M,Poison,None,235,1,"PoisonPoint,Rivalry,Hustle",Poison Pin Pokemon
33,Nidorino,Poison,None,120,1,"PoisonPoint,Rivalry,Hustle",Poison Pin Pokemon
34,Nidoking,Poison,Ground,45,1,"PoisonPoint,Rivalry,SheerForce",Drill Pokemon
35,Clefairy,Fairy,None,150,1,"CuteCharm,MagicGuard,FriendGuard",Fairy Pokemon
36,Clefable,Fairy,None,25,1,"CuteCharm,MagicGuard,Unaware",Fairy Pokemon
37,Vulpix,Fire,Ice,190,1,"FlashFire,Drought,SnowCloak,SnowWarning",Fox Pokemon
38,Ninetales,Fire,Ice,75,1,"FlashFire,Drought,SnowCloak,SnowWarning",Fox Pokemon
39,Jigglypuff,Normal,Fairy,170,1,"CuteCharm,Competitive,FriendGuard",Balloon Pokemon
40,Wigglytuff,Normal,Fairy,50,1,"CuteCharm,Competitive,Frisk",Balloon Pokemon
41,Zubat,Poison,Flying,255,1,"InnerFocus,Infiltrator",Bat Pokemon
42,Golbat,Poison,Flying,90,1,"InnerFocus,Infiltrator",Bat Pokemon
43,Oddish,Grass,Poison,255,1,"Chlorophyll,RunAway",Weed Pokemon
44,Gloom,Grass,Poison,120,1,"Chlorophyll,Stench",Weed Pokemon
45,Vileplume,Grass,Poison,45,1,"Chlorophyll,EffectSpore",Flower Pokemon
46,Paras,Bug,Grass,190,1,"EffectSpore,DrySkin,Damp",Mushroom Pokemon
47,Parasect,Bug,Grass,75,1,"EffectSpore,DrySkin,Damp",Mushroom Pokemon
48,Venonat,Bug,Poison,190,1,"Compoundeyes,TintedLens,RunAway",Insect Pokemon
49,Venomoth,Bug,Poison,75,1,"ShieldDust,TintedLens,WonderSkin",Poison Moth Pokemon
50,Diglett,Ground,Ground,255,1,"SandVeil,ArenaTrap,SandForce,SandVeil,TanglingHair,SandForce",Mole Pokemon
51,Dugtrio,Ground,Ground,50,1,"SandVeil,ArenaTrap,SandForce,SandVeil,TanglingHair,SandForce",Mole Pokemon
52,Meowth,Normal,Dark,255,1,"Pickup,Technician,Unnerve,Pickup,Technician,Rattled",Scratch Cat Pokemon
53,Persian,Normal,Dark,90,1,"Limber,Technician,Unnerve,FurCoat,Technician,Rattled",Classy Cat Pokemon
54,Psyduck,Water,None,190,1,"Damp,CloudNine,SwiftSwim",Duck Pokemon
55,Golduck,Water,None,75,1,"Damp,CloudNine,SwiftSwim",Duck Pokemon
56,Mankey,Fighting,None,190,1,"VitalSpirit,AngerPoint,Defiant",Pig Monkey Pokemon
57,Primeape,Fighting,None,75,1,"VitalSpirit,AngerPoint,Defiant",Pig Monkey Pokemon
58,Growlithe,Fire,None,190,1,"Intimidate,FlashFire,Justified",Puppy Pokemon
59,Arcanine,Fire,None,75,1,"Intimidate,FlashFire,Justified",Legendary Pokemon
60,Poliwag,Water,None,255,1,"WaterAbsorb,Damp,SwiftSwim",Tadpole Pokemon
61,Poliwhirl,Water,None,120,1,"WaterAbsorb,Damp,SwiftSwim",Tadpole Pokemon
62,Poliwrath,Water,Fighting,45,1,"WaterAbsorb,Damp,SwiftSwim",Tadpole Pokemon
63,Abra,Psychic,None,200,1,"Synchronize,InnerFocus,MagicGuard",Psi Pokemon
64,Kadabra,Psychic,None,100,1,"Synchronize,InnerFocus,MagicGuard",Psi Pokemon
65,Alakazam,Psychic,None,50,1,"Synchronize,InnerFocus,MagicGuard",Psi Pokemon
66,Machop,Fighting,None,180,1,"Guts,NoGuard,Steadfast",Superpower Pokemon
67,Machoke,Fighting,None,90,1,"Guts,NoGuard,Steadfast",Superpower Pokemon
68,Machamp,Fighting,None,45,1,"Guts,NoGuard,Steadfast",Superpower Pokemon
69,Bellsprout,Grass,Poison,255,1,"Chlorophyll,Gluttony",Flower Pokemon
70,Weepinbell,Grass,Poison,120,1,"Chlorophyll,Gluttony",Flycatcher Pokemon
71,Victreebel,Grass,Poison,45,1,"Chlorophyll,Gluttony",Flycatcher Pokemon
72,Tentacool,Water,Poison,190,1,"ClearBody,LiquidOoze,RainDish",Jellyfish Pokemon
73,Tentacruel,Water,Poison,60,1,"ClearBody,LiquidOoze,RainDish",Jellyfish Pokemon
74,Geodude,Rock,Ground,255,1,"RockHead,Sturdy,SandVeil,MagnetPull,Sturdy,Galvanize",Rock Pokemon
75,Graveler,Rock,Ground,120,1,"RockHead,Sturdy,SandVeil,MagnetPull,Sturdy,Galvanize",Rock Pokemon
76,Golem,Rock,Ground,45,1,"RockHead,Sturdy,SandVeil,MagnetPull,Sturdy,Galvanize",Megaton Pokemon
77,Ponyta,Fire,None,190,1,"RunAway,FlashFire,FlameBody",Fire Horse Pokemon
78,Rapidash,Fire,None,60,1,"RunAway,FlashFire,FlameBody",Fire Horse Pokemon
79,Slowpoke,Water,Psychic,190,1,"Oblivious,OwnTempo,Regenerator",Dopey Pokemon
80,Slowbro,Water,Psychic,75,1,"Oblivious,OwnTempo,Regenerator",Hermit Crab Pokemon
81,Magnemite,Electric,Steel,190,1,"MagnetPull,Sturdy,Analytic",Magnet Pokemon
82,Magneton,Electric,Steel,60,1,"MagnetPull,Sturdy,Analytic",Magnet Pokemon
83,Farfetch'd,Normal,Flying,45,1,"KeenEye,InnerFocus,Defiant",Wild Duck Pokemon
84,Doduo,Normal,Flying,190,1,"RunAway,EarlyBird,TangledFeet",Twin Bird Pokemon
85,Dodrio,Normal,Flying,45,1,"RunAway,EarlyBird,TangledFeet",Triple Bird Pokemon
86,Seel,Water,None,190,1,"ThickFat,Hydration,IceBody",Sea Lion Pokemon
87,Dewgong,Water,Ice,75,1,"ThickFat,Hydration,IceBody",Sea Lion Pokemon
88,Grimer,Poison,Poison,190,1,"Stench,StickyHold,PoisonTouch,PoisonTouch,Gluttony,PowerofAlchemy",Sludge Pokemon
89,Muk,Poison,Poison,75,1,"Stench,StickyHold,PoisonTouch,PoisonTouch,Gluttony,PowerofAlchemy",Sludge Pokemon
90,Shellder,Water,None,190,1,"ShellArmor,SkillLink,Overcoat",Bivalve Pokemon
91,Cloyster,Water,Ice,60,1,"ShellArmor,SkillLink,Overcoat",Bivalve Pokemon
92,Gastly,Ghost,Poison,190,1,Levitate,Gas Pokemon
93,Haunter,Ghost,Poison,90,1,Levitate,Gas Pokemon
94,Gengar,Ghost,Poison,45,1,CursedBody,Shadow Pokemon
95,Onix,Rock,Ground,45,1,"RockHead,Sturdy,WeakArmor",Rock Snake Pokemon
96,Drowzee,Psychic,None,190,1,"Insomnia,Forewarn,InnerFocus",Hypnosis Pokemon
97,Hypno,Psychic,None,75,1,"Insomnia,Forewarn,InnerFocus",Hypnosis Pokemon
98,Krabby,Water,None,225,1,"HyperCutter,ShellArmor,SheerForce",River Crab Pokemon
99,Kingler,Water,None,60,1,"HyperCutter,ShellArmor,SheerForce",Pincer Pokemon
100,Voltorb,Electric,None,190,1,"Soundproof,Static,Aftermath",Ball Pokemon
101,Electrode,Electric,None,60,1,"Soundproof,Static,Aftermath",Ball Pokemon
102,Exeggcute,Grass,Psychic,90,1,"Chlorophyll,Harvest",Egg Pokemon
103,Exeggutor,Grass,Psychic,45,1,"Chlorophyll,Harvest,Frisk,Harvest",Coconut Pokemon
104,Cubone,Ground,None,190,1,"RockHead,Lightningrod,BattleArmor",Lonely Pokemon
105,Marowak,Ground,Fire,75,1,"RockHead,Lightningrod,BattleArmor,CursedBody,Lightningrod,RockHead",Bone Keeper Pokemon
106,Hitmonlee,Fighting,None,45,1,"Limber,Reckless,Unburden",Kicking Pokemon
107,Hitmonchan,Fighting,None,45,1,"KeenEye,IronFist,InnerFocus",Punching Pokemon
108,Lickitung,Normal,None,45,1,"OwnTempo,Oblivious,CloudNine",Licking Pokemon
109,Koffing,Poison,None,190,1,Levitate,Poison Gas Pokemon
110,Weezing,Poison,None,60,1,Levitate,Poison Gas Pokemon
111,Rhyhorn,Ground,Rock,120,1,"Lightningrod,RockHead,Reckless",Spikes Pokemon
112,Rhydon,Ground,Rock,60,1,"Lightningrod,RockHead,Reckless",Drill Pokemon
113,Chansey,Normal,None,30,1,"NaturalCure,SereneGrace,Healer",Egg Pokemon
114,Tangela,Grass,None,45,1,"Chlorophyll,LeafGuard,Regenerator",Vine Pokemon
115,Kangaskhan,Normal,None,45,1,"EarlyBird,Scrappy,InnerFocus",Parent Pokemon
116,Horsea,Water,None,225,1,"SwiftSwim,Sniper,Damp",Dragon Pokemon
117,Seadra,Water,None,75,1,"PoisonPoint,Sniper,Damp",Dragon Pokemon
118,Goldeen,Water,None,225,1,"SwiftSwim,WaterVeil,Lightningrod",Goldfish Pokemon
119,Seaking,Water,None,60,1,"SwiftSwim,WaterVeil,Lightningrod",Goldfish Pokemon
120,Staryu,Water,None,225,1,"Illuminate,NaturalCure,Analytic",Starshape Pokemon
121,Starmie,Water,Psychic,60,1,"Illuminate,NaturalCure,Analytic",Mysterious Pokemon
122,Mr. Mime,Psychic,Fairy,45,1,"Soundproof,Filter,Technician",Barrier Pokemon
123,Scyther,Bug,Flying,45,1,"Swarm,Technician,Steadfast",Mantis Pokemon
124,Jynx,Ice,Psychic,45,1,"Oblivious,Forewarn,DrySkin",Humanshape Pokemon
125,Electabuzz,Electric,None,45,1,"Static,VitalSpirit",Electric Pokemon
126,Magmar,Fire,None,45,1,"FlameBody,VitalSpirit",Spitfire Pokemon
127,Pinsir,Bug,None,45,1,"HyperCutter,MoldBreaker,Moxie",Stagbeetle Pokemon
128,Tauros,Normal,None,45,1,"Intimidate,AngerPoint,SheerForce",Wild Bull Pokemon
129,Magikarp,Water,None,255,1,"SwiftSwim,Rattled",Fish Pokemon
130,Gyarados,Water,Flying,45,1,"Intimidate,Moxie",Atrocious Pokemon
131,Lapras,Water,Ice,45,1,"WaterAbsorb,ShellArmor,Hydration",Transport Pokemon
132,Ditto,Normal,None,35,1,"Limber,Imposter",Transform Pokemon
133,Eevee,Normal,None,45,1,"RunAway,Adaptability,Anticipation",Evolution Pokemon
134,Vaporeon,Water,None,45,1,"WaterAbsorb,Hydration",Bubble Jet Pokemon
135,Jolteon,Electric,None,45,1,"VoltAbsorb,QuickFeet",Lightning Pokemon
136,Flareon,Fire,None,45,1,"FlashFire,Guts",Flame Pokemon
137,Porygon,Normal,None,45,1,"Trace,Download,Analytic",Virtual Pokemon
138,Omanyte,Rock,Water,45,1,"SwiftSwim,ShellArmor,WeakArmor",Spiral Pokemon
139,Omastar,Rock,Water,45,1,"SwiftSwim,ShellArmor,WeakArmor",Spiral Pokemon
140,Kabuto,Rock,Water,45,1,"SwiftSwim,BattleArmor,WeakArmor",Shellfish Pokemon
141,Kabutops,Rock,Water,45,1,"SwiftSwim,BattleArmor,WeakArmor",Shellfish Pokemon
142,Aerodactyl,Rock,Flying,45,1,"RockHead,Pressure,Unnerve",Fossil Pokemon
143,Snorlax,Normal,None,25,1,"Immunity,ThickFat,Gluttony",Sleeping Pokemon
144,Articuno,Ice,Flying,3,1,"Pressure,SnowCloak",Freeze Pokemon
145,Zapdos,Electric,Flying,3,1,"Pressure,Static",Electric Pokemon
146,Moltres,Fire,Flying,3,1,"Pressure,FlameBody",Flame Pokemon
147,Dratini,Dragon,None,45,1,"ShedSkin,MarvelScale",Dragon Pokemon
148,Dragonair,Dragon,None,45,1,"ShedSkin,MarvelScale",Dragon Pokemon
149,Dragonite,Dragon,Flying,45,1,"InnerFocus,Multiscale",Dragon Pokemon
150,Mewtwo,Psychic,None,3,1,"Pressure,Unnerve",Genetic Pokemon
151,Mew,Psychic,None,45,1,Synchronize,New Species Pokemon
152,Chikorita,Grass,None,45,2,"Overgrow,LeafGuard",Leaf Pokemon
153,Bayleef,Grass,None,45,2,"Overgrow,LeafGuard",Leaf Pokemon
154,Meganium,Grass,None,45,2,"Overgrow,LeafGuard",Herb Pokemon
155,Cyndaquil,Fire,None,45,2,"Blaze,FlashFire",Fire Mouse Pokemon
156,Quilava,Fire,None,45,2,"Blaze,FlashFire",Volcano Pokemon
157,Typhlosion,Fire,None,45,2,"Blaze,FlashFire",Volcano Pokemon
158,Totodile,Water,None,45,2,"Torrent,SheerForce",Big Jaw Pokemon
159,Croconaw,Water,None,45,2,"Torrent,SheerForce",Big Jaw Pokemon
160,Feraligatr,Water,None,45,2,"Torrent,SheerForce",Big Jaw Pokemon
161,Sentret,Normal,None,255,2,"RunAway,KeenEye,Frisk",Scout Pokemon
162,Furret,Normal,None,90,2,"RunAway,KeenEye,Frisk",Long Body Pokemon
163,Hoothoot,Normal,Flying,255,2,"Insomnia,KeenEye,TintedLens",Owl Pokemon
164,Noctowl,Normal,Flying,90,2,"Insomnia,KeenEye,TintedLens",Owl Pokemon
165,Ledyba,Bug,Flying,255,2,"Swarm,EarlyBird,Rattled",Five Star Pokemon
166,Ledian,Bug,Flying,90,2,"Swarm,EarlyBird,IronFist",Five Star Pokemon
167,Spinarak,Bug,Poison,255,2,"Swarm,Insomnia,Sniper",String Spit Pokemon
168,Ariados,Bug,Poison,90,2,"Swarm,Insomnia,Sniper",Long Leg Pokemon
169,Crobat,Poison,Flying,90,2,"InnerFocus,Infiltrator",Bat Pokemon
170,Chinchou,Water,Electric,190,2,"VoltAbsorb,Illuminate,WaterAbsorb",Angler Pokemon
171,Lanturn,Water,Electric,75,2,"VoltAbsorb,Illuminate,WaterAbsorb",Light Pokemon
172,Pichu,Electric,None,190,2,"Static,Lightningrod",Tiny Mouse Pokemon
173,Cleffa,Fairy,None,150,2,"CuteCharm,MagicGuard,FriendGuard",Star Shape Pokemon
174,Igglybuff,Normal,Fairy,170,2,"CuteCharm,Competitive,FriendGuard",Balloon Pokemon
175,Togepi,Fairy,None,190,2,"Hustle,SereneGrace,SuperLuck",Spike Ball Pokemon
176,Togetic,Fairy,Flying,75,2,"Hustle,SereneGrace,SuperLuck",Happiness Pokemon
177,Natu,Psychic,Flying,190,2,"Synchronize,EarlyBird,MagicBounce",Little Bird Pokemon
178,Xatu,Psychic,Flying,75,2,"Synchronize,EarlyBird,MagicBounce",Mystic Pokemon
179,Mareep,Electric,None,235,2,"Static,Plus",Wool Pokemon
180,Flaaffy,Electric,None,120,2,"Static,Plus",Wool Pokemon
181,Ampharos,Electric,None,45,2,"Static,Plus",Light Pokemon
182,Bellossom,Grass,None,45,2,"Chlorophyll,Healer",Flower Pokemon
183,Marill,Water,Fairy,190,2,"ThickFat,HugePower,SapSipper",Aquamouse Pokemon
184,Azumarill,Water,Fairy,75,2,"ThickFat,HugePower,SapSipper",Aquarabbit Pokemon
185,Sudowoodo,Rock,None,65,2,"Sturdy,RockHead,Rattled",Imitation Pokemon
186,Politoed,Water,None,45,2,"WaterAbsorb,Damp,Drizzle",Frog Pokemon
187,Hoppip,Grass,Flying,255,2,"Chlorophyll,LeafGuard,Infiltrator",Cottonweed Pokemon
188,Skiploom,Grass,Flying,120,2,"Chlorophyll,LeafGuard,Infiltrator",Cottonweed Pokemon
189,Jumpluff,Grass,Flying,45,2,"Chlorophyll,LeafGuard,Infiltrator",Cottonweed Pokemon
190,Aipom,Normal,None,45,2,"RunAway,Pickup,SkillLink",Long Tail Pokemon
191,Sunkern,Grass,None,235,2,"Chlorophyll,SolarPower,EarlyBird",Seed Pokemon
192,Sunflora,Grass,None,120,2,"Chlorophyll,SolarPower,EarlyBird",Sun Pokemon
193,Yanma,Bug,Flying,75,2,"SpeedBoost,Compoundeyes,Frisk",Clear Wing Pokemon
194,Wooper,Water,Ground,255,2,"Damp,WaterAbsorb,Unaware",Water Fish Pokemon
195,Quagsire,Water,Ground,90,2,"Damp,WaterAbsorb,Unaware",Water Fish Pokemon
196,Espeon,Psychic,None,45,2,"Synchronize,MagicBounce",Sun Pokemon
197,Umbreon,Dark,None,45,2,"Synchronize,InnerFocus",Moonlight Pokemon
198,Murkrow,Dark,Flying,30,2,"Insomnia,SuperLuck,Prankster",Darkness Pokemon
199,Slowking,Water,Psychic,70,2,"Oblivious,OwnTempo,Regenerator",Royal Pokemon
200,Misdreavus,Ghost,None,45,2,Levitate,Screech Pokemon
201,Unown,Psychic,None,225,2,Levitate,Symbol Pokemon
202,Wobbuffet,Psychic,None,45,2,"ShadowTag,Telepathy",Patient Pokemon
203,Girafarig,Normal,Psychic,60,2,"InnerFocus,EarlyBird,SapSipper",Long Neck Pokemon
204,Pineco,Bug,None,190,2,"Sturdy,Overcoat",Bagworm Pokemon
205,Forretress,Bug,Steel,75,2,"Sturdy,Overcoat",Bagworm Pokemon
206,Dunsparce,Normal,None,190,2,"SereneGrace,RunAway,Rattled",Land Snake Pokemon
207,Gligar,Ground,Flying,60,2,"HyperCutter,SandVeil,Immunity",Flyscorpion Pokemon
208,Steelix,Steel,Ground,25,2,"RockHead,Sturdy,SheerForce",Iron Snake Pokemon
209,Snubbull,Fairy,None,190,2,"Intimidate,RunAway,Rattled",Fairy Pokemon
210,Granbull,Fairy,None,75,2,"Intimidate,QuickFeet,Rattled",Fairy Pokemon
211,Qwilfish,Water,Poison,45,2,"PoisonPoint,SwiftSwim,Intimidate",Balloon Pokemon
212,Scizor,Bug,Steel,25,2,"Swarm,Technician,LightMetal",Pincer Pokemon
213,Shuckle,Bug,Rock,190,2,"Sturdy,Gluttony,Contrary",Mold Pokemon
214,Heracross,Bug,Fighting,45,2,"Swarm,Guts,Moxie",Singlehorn Pokemon
215,Sneasel,Dark,Ice,60,2,"InnerFocus,KeenEye,Pickpocket",Sharp Claw Pokemon
216,Teddiursa,Normal,None,120,2,"Pickup,QuickFeet,HoneyGather",Little Bear Pokemon
217,Ursaring,Normal,None,60,2,"Guts,QuickFeet,Unnerve",Hibernator Pokemon
218,Slugma,Fire,None,190,2,"MagmaArmor,FlameBody,WeakArmor",Lava Pokemon
219,Magcargo,Fire,Rock,75,2,"MagmaArmor,FlameBody,WeakArmor",Lava Pokemon
220,Swinub,Ice,Ground,225,2,"Oblivious,SnowCloak,ThickFat",Pig Pokemon
221,Piloswine,Ice,Ground,75,2,"Oblivious,SnowCloak,ThickFat",Swine Pokemon
222,Corsola,Water,Rock,60,2,"Hustle,NaturalCure,Regenerator",Coral Pokemon
223,Remoraid,Water,None,190,2,"Hustle,Sniper,Moody",Jet Pokemon
224,Octillery,Water,None,75,2,"SuctionCups,Sniper,Moody",Jet Pokemon
225,Delibird,Ice,Flying,45,2,"VitalSpirit,Hustle,Insomnia",Delivery Pokemon
226,Mantine,Water,Flying,25,2,"SwiftSwim,WaterAbsorb,WaterVeil",Kite Pokemon
227,Skarmory,Steel,Flying,25,2,"KeenEye,Sturdy,WeakArmor",Armor Bird Pokemon
228,Houndour,Dark,Fire,120,2,"EarlyBird,FlashFire,Unnerve",Dark Pokemon
229,Houndoom,Dark,Fire,45,2,"EarlyBird,FlashFire,Unnerve",Dark Pokemon
230,Kingdra,Water,Dragon,45,2,"SwiftSwim,Sniper,Damp",Dragon Pokemon
231,Phanpy,Ground,None,120,2,"Pickup,SandVeil",Long Nose Pokemon
232,Donphan,Ground,None,60,2,"Sturdy,SandVeil",Armor Pokemon
233,Porygon2,Normal,None,45,2,"Trace,Download,Analytic",Virtual Pokemon
234,Stantler,Normal,None,45,2,"Intimidate,Frisk,SapSipper",Big Horn Pokemon
235,Smeargle,Normal,None,45,2,"OwnTempo,Technician,Moody",Painter Pokemon
236,Tyrogue,Fighting,None,75,2,"Guts,Steadfast,VitalSpirit",Scuffle Pokemon
237,Hitmontop,Fighting,None,45,2,"Intimidate,Technician,Steadfast",Handstand Pokemon
238,Smoochum,Ice,Psychic,45,2,"Oblivious,Forewarn,Hydration",Kiss Pokemon
239,Elekid,Electric,None,45,2,"Static,VitalSpirit",Electric Pokemon
240,Magby,Fire,None,45,2,"FlameBody,VitalSpirit",Live Coal Pokemon
241,Miltank,Normal,None,45,2,"ThickFat,Scrappy,SapSipper",Milk Cow Pokemon
242,Blissey,Normal,None,30,2,"NaturalCure,SereneGrace,Healer",Happiness Pokemon
243,Raikou,Electric,None,3,2,"Pressure,InnerFocus",Thunder Pokemon
244,Entei,Fire,None,3,2,"Pressure,InnerFocus",Volcano Pokemon
245,Suicune,Water,None,3,2,"Pressure,InnerFocus",Aurora Pokemon
246,Larvitar,Rock,Ground,45,2,"Guts,SandVeil",Rock Skin Pokemon
247,Pupitar,Rock,Ground,45,2,ShedSkin,Hard Shell Pokemon
248,Tyranitar,Rock,Dark,45,2,"SandStream,Unnerve",Armor Pokemon
249,Lugia,Psychic,Flying,3,2,"Pressure,Multiscale",Diving Pokemon
250,Ho-Oh,Fire,Flying,3,2,"Pressure,Regenerator",Rainbow Pokemon
251,Celebi,Psychic,Grass,45,2,NaturalCure,Time Travel Pokemon
252,Treecko,Grass,None,45,3,"Overgrow,Unburden",Wood Gecko Pokemon
253,Grovyle,Grass,None,45,3,"Overgrow,Unburden",Wood Gecko Pokemon
254,Sceptile,Grass,None,45,3,"Overgrow,Unburden",Forest Pokemon
255,Torchic,Fire,None,45,3,"Blaze,SpeedBoost",Chick Pokemon
256,Combusken,Fire,Fighting,45,3,"Blaze,SpeedBoost",Young Fowl Pokemon
257,Blaziken,Fire,Fighting,45,3,"Blaze,SpeedBoost",Blaze Pokemon
258,Mudkip,Water,None,45,3,"Torrent,Damp",Mud Fish Pokemon
259,Marshtomp,Water,Ground,45,3,"Torrent,Damp",Mud Fish Pokemon
260,Swampert,Water,Ground,45,3,"Torrent,Damp",Mud Fish Pokemon
261,Poochyena,Dark,None,255,3,"RunAway,QuickFeet,Rattled",Bite Pokemon
262,Mightyena,Dark,None,127,3,"Intimidate,QuickFeet,Moxie",Bite Pokemon
263,Zigzagoon,Normal,None,255,3,"Pickup,Gluttony,QuickFeet",Tiny Racoon Pokemon
264,Linoone,Normal,None,90,3,"Pickup,Gluttony,QuickFeet",Rush Pokemon
265,Wurmple,Bug,None,255,3,"ShieldDust,RunAway",Worm Pokemon
266,Silcoon,Bug,None,120,3,ShedSkin,Cocoon Pokemon
267,Beautifly,Bug,Flying,45,3,"Swarm,Rivalry",Butterfly Pokemon
268,Cascoon,Bug,None,120,3,ShedSkin,Cocoon Pokemon
269,Dustox,Bug,Poison,45,3,"ShieldDust,Compoundeyes",Poison Moth Pokemon
270,Lotad,Water,Grass,255,3,"SwiftSwim,RainDish,OwnTempo",Water Weed Pokemon
271,Lombre,Water,Grass,120,3,"SwiftSwim,RainDish,OwnTempo",Jolly Pokemon
272,Ludicolo,Water,Grass,45,3,"SwiftSwim,RainDish,OwnTempo",Carefree Pokemon
273,Seedot,Grass,None,255,3,"Chlorophyll,EarlyBird,Pickpocket",Acorn Pokemon
274,Nuzleaf,Grass,Dark,120,3,"Chlorophyll,EarlyBird,Pickpocket",Wily Pokemon
275,Shiftry,Grass,Dark,45,3,"Chlorophyll,EarlyBird,Pickpocket",Wickid Pokemon
276,Taillow,Normal,Flying,200,3,"Guts,Scrappy",TinySwallow Pokemon
277,Swellow,Normal,Flying,45,3,"Guts,Scrappy",Swallow Pokemon
278,Wingull,Water,Flying,190,3,"KeenEye,Hydration,RainDish",Seagull Pokemon
279,Pelipper,Water,Flying,45,3,"KeenEye,Drizzle,RainDish",Water Bird Pokemon
280,Ralts,Psychic,Fairy,235,3,"Synchronize,Trace,Telepathy",Feeling Pokemon
281,Kirlia,Psychic,Fairy,120,3,"Synchronize,Trace,Telepathy",Emotion Pokemon
282,Gardevoir,Psychic,Fairy,45,3,"Synchronize,Trace,Telepathy",Embrace Pokemon
283,Surskit,Bug,Water,200,3,"SwiftSwim,RainDish",Pond Skater Pokemon
284,Masquerain,Bug,Flying,75,3,"Intimidate,Unnerve",Eyeball Pokemon
285,Shroomish,Grass,None,255,3,"EffectSpore,PoisonHeal,QuickFeet",Mushroom Pokemon
286,Breloom,Grass,Fighting,90,3,"EffectSpore,PoisonHeal,Technician",Mushroom Pokemon
287,Slakoth,Normal,None,255,3,Truant,Slacker Pokemon
288,Vigoroth,Normal,None,120,3,VitalSpirit,Wild Monkey Pokemon
289,Slaking,Normal,None,45,3,Truant,Lazy Pokemon
290,Nincada,Bug,Ground,255,3,"Compoundeyes,RunAway",Trainee Pokemon
291,Ninjask,Bug,Flying,120,3,"SpeedBoost,Infiltrator",Ninja Pokemon
292,Shedinja,Bug,Ghost,45,3,WonderGuard,Shed Pokemon
293,Whismur,Normal,None,190,3,"Soundproof,Rattled",Whisper Pokemon
294,Loudred,Normal,None,120,3,"Soundproof,Scrappy",Big Voice Pokemon
295,Exploud,Normal,None,45,3,"Soundproof,Scrappy",Loud Noise Pokemon
296,Makuhita,Fighting,None,180,3,"ThickFat,Guts,SheerForce",Guts Pokemon
297,Hariyama,Fighting,None,200,3,"ThickFat,Guts,SheerForce",Arm Thrust Pokemon
298,Azurill,Normal,Fairy,150,3,"ThickFat,HugePower,SapSipper",Polka Dot Pokemon
299,Nosepass,Rock,None,255,3,"Sturdy,MagnetPull,SandForce",Compass Pokemon
300,Skitty,Normal,None,255,3,"CuteCharm,Normalize,WonderSkin",Kitten Pokemon
301,Delcatty,Normal,None,60,3,"CuteCharm,Normalize,WonderSkin",Prim Pokemon
302,Sableye,Dark,Ghost,45,3,"KeenEye,Stall,Prankster",Darkness Pokemon
303,Mawile,Steel,Fairy,45,3,"HyperCutter,Intimidate,SheerForce",Deceiver Pokemon
304,Aron,Steel,Rock,180,3,"Sturdy,RockHead,HeavyMetal",Iron Armor Pokemon
305,Lairon,Steel,Rock,90,3,"Sturdy,RockHead,HeavyMetal",Iron Armor Pokemon
306,Aggron,Steel,Rock,45,3,"Sturdy,RockHead,HeavyMetal",Iron Armor Pokemon
307,Meditite,Fighting,Psychic,180,3,"PurePower,Telepathy",Meditate Pokemon
308,Medicham,Fighting,Psychic,90,3,"PurePower,Telepathy",Meditate Pokemon
309,Electrike,Electric,None,120,3,"Static,Lightningrod,Minus",Lightning Pokemon
310,Manectric,Electric,None,45,3,"Static,Lightningrod,Minus",Discharge Pokemon
311,Plusle,Electric,None,200,3,"Plus,Lightningrod",Cheering Pokemon
312,Minun,Electric,None,200,3,"Minus,VoltAbsorb",Cheering Pokemon
313,Volbeat,Bug,None,150,3,"Illuminate,Swarm,Prankster",Firefly Pokemon
314,Illumise,Bug,None,150,3,"Oblivious,TintedLens,Prankster",Firefly Pokemon
315,Roselia,Grass,Poison,150,3,"NaturalCure,PoisonPoint,LeafGuard",Thorn Pokemon
316,Gulpin,Poison,None,225,3,"LiquidOoze,StickyHold,Gluttony",Stomach Pokemon
317,Swalot,Poison,None,75,3,"LiquidOoze,StickyHold,Gluttony",Poison Bag Pokemon
318,Carvanha,Water,Dark,225,3,"RoughSkin,SpeedBoost",Savage Pokemon
319,Sharpedo,Water,Dark,60,3,"RoughSkin,SpeedBoost",Brutal Pokemon
320,Wailmer,Water,None,125,3,"WaterVeil,Oblivious,Pressure",Ball Whale Pokemon
321,Wailord,Water,None,60,3,"WaterVeil,Oblivious,Pressure",Float Whale Pokemon
322,Numel,Fire,Ground,255,3,"Oblivious,Simple,OwnTempo",Numb Pokemon
323,Camerupt,Fire,Ground,150,3,"MagmaArmor,SolidRock,AngerPoint",Eruption Pokemon
324,Torkoal,Fire,None,90,3,"WhiteSmoke,Drought,ShellArmor",Coal Pokemon
325,Spoink,Psychic,None,255,3,"ThickFat,OwnTempo,Gluttony",Bounce Pokemon
326,Grumpig,Psychic,None,60,3,"ThickFat,OwnTempo,Gluttony",Manipulate Pokemon
327,Spinda,Normal,None,255,3,"OwnTempo,TangledFeet,Contrary",Spot Panda Pokemon
328,Trapinch,Ground,None,255,3,"HyperCutter,ArenaTrap,SheerForce",Ant Pit Pokemon
329,Vibrava,Ground,Dragon,120,3,Levitate,Vibration Pokemon
330,Flygon,Ground,Dragon,45,3,Levitate,Mystic Pokemon
331,Cacnea,Grass,None,190,3,"SandVeil,WaterAbsorb",Cactus Pokemon
332,Cacturne,Grass,Dark,60,3,"SandVeil,WaterAbsorb",Scarecrow Pokemon
333,Swablu,Normal,Flying,255,3,"NaturalCure,CloudNine",Cotton Bird Pokemon
334,Altaria,Dragon,Flying,45,3,"NaturalCure,CloudNine",Humming Pokemon
335,Zangoose,Normal,None,90,3,"Immunity,ToxicBoost",Cat Ferret Pokemon
336,Seviper,Poison,None,90,3,"ShedSkin,Infiltrator",Fang Snake Pokemon
337,Lunatone,Rock,Psychic,45,3,Levitate,Meteorite Pokemon
338,Solrock,Rock,Psychic,45,3,Levitate,Meteorite Pokemon
339,Barboach,Water,Ground,190,3,"Oblivious,Anticipation,Hydration",Whiskers Pokemon
340,Whiscash,Water,Ground,75,3,"Oblivious,Anticipation,Hydration",Whiskers Pokemon
341,Corphish,Water,None,205,3,"HyperCutter,ShellArmor,Adaptability",Ruffian Pokemon
342,Crawdaunt,Water,Dark,155,3,"HyperCutter,ShellArmor,Adaptability",Rogue Pokemon
343,Baltoy,Ground,Psychic,255,3,Levitate,Clay Doll Pokemon
344,Claydol,Ground,Psychic,90,3,Levitate,Clay Doll Pokemon
345,Lileep,Rock,Grass,45,3,"SuctionCups,StormDrain",Sea Lily Pokemon
346,Cradily,Rock,Grass,45,3,"SuctionCups,StormDrain",Barnacle Pokemon
347,Anorith,Rock,Bug,45,3,"BattleArmor,SwiftSwim",Old Shrimp Pokemon
348,Armaldo,Rock,Bug,45,3,"BattleArmor,SwiftSwim",Plate Pokemon
349,Feebas,Water,None,255,3,"SwiftSwim,Oblivious,Adaptability",Fish Pokemon
350,Milotic,Water,None,60,3,"MarvelScale,Competitive,CuteCharm",Tender Pokemon
351,Castform,Normal,None,45,3,Forecast,Weather Pokemon
352,Kecleon,Normal,None,200,3,"ColorChange,Protean",Color Swap Pokemon
353,Shuppet,Ghost,None,225,3,"Insomnia,Frisk,CursedBody",Puppet Pokemon
354,Banette,Ghost,None,45,3,"Insomnia,Frisk,CursedBody",Marionette Pokemon
355,Duskull,Ghost,None,190,3,"Levitate,Frisk",Requiem Pokemon
356,Dusclops,Ghost,None,90,3,"Pressure,Frisk",Beckon Pokemon
357,Tropius,Grass,Flying,200,3,"Chlorophyll,SolarPower,Harvest",Fruit Pokemon
358,Chimecho,Psychic,None,45,3,Levitate,Wind Chime Pokemon
359,Absol,Dark,None,30,3,"Pressure,SuperLuck,Justified",Disaster Pokemon
360,Wynaut,Psychic,None,125,3,"ShadowTag,Telepathy",Bright Pokemon
361,Snorunt,Ice,None,190,3,"InnerFocus,IceBody,Moody",Snow Hat Pokemon
362,Glalie,Ice,None,75,3,"InnerFocus,IceBody,Moody",Face Pokemon
363,Spheal,Ice,Water,255,3,"ThickFat,IceBody,Oblivious",Clap Pokemon
364,Sealeo,Ice,Water,120,3,"ThickFat,IceBody,Oblivious",Ball Roll Pokemon
365,Walrein,Ice,Water,45,3,"ThickFat,IceBody,Oblivious",Ice Break Pokemon
366,Clamperl,Water,None,255,3,"ShellArmor,Rattled",Bivalve Pokemon
367,Huntail,Water,None,60,3,"SwiftSwim,WaterVeil",Deep Sea Pokemon
368,Gorebyss,Water,None,60,3,"SwiftSwim,Hydration",South Sea Pokemon
369,Relicanth,Water,Rock,25,3,"SwiftSwim,RockHead,Sturdy",Longevity Pokemon
370,Luvdisc,Water,None,225,3,"SwiftSwim,Hydration",Rendezvous Pokemon
371,Bagon,Dragon,None,45,3,"RockHead,SheerForce",Rock Head Pokemon
372,Shelgon,Dragon,None,45,3,"RockHead,Overcoat",Endurance Pokemon
373,Salamence,Dragon,Flying,45,3,"Intimidate,Moxie",Dragon Pokemon
374,Beldum,Steel,Psychic,3,3,"ClearBody,LightMetal",Iron Ball Pokemon
375,Metang,Steel,Psychic,3,3,"ClearBody,LightMetal",Iron Claw Pokemon
376,Metagross,Steel,Psychic,3,3,"ClearBody,LightMetal",Iron Leg Pokemon
377,Regirock,Rock,None,3,3,"ClearBody,Sturdy",Rock Peak Pokemon
378,Regice,Ice,None,3,3,"ClearBody,IceBody",Iceberg Pokemon
379,Registeel,Steel,None,3,3,"ClearBody,LightMetal",Iron Pokemon
380,Latias,Dragon,Psychic,3,3,Levitate,Eon Pokemon
381,Latios,Dragon,Psychic,3,3,Levitate,Eon Pokemon
382,Kyogre,Water,None,3,3,Drizzle,Sea Basin Pokemon
383,Groudon,Ground,None,3,3,Drought,Continent Pokemon
384,Rayquaza,Dragon,Flying,45,3,AirLock,Sky High Pokemon
385,Jirachi,Steel,Psychic,3,3,SereneGrace,Wish Pokemon
386,Deoxys,Psychic,None,3,3,Pressure,DNA Pokemon
387,Turtwig,Grass,None,45,4,"Overgrow,ShellArmor",Tiny Leaf Pokemon
388,Grotle,Grass,None,45,4,"Overgrow,ShellArmor",Grove Pokemon
389,Torterra,Grass,Ground,45,4,"Overgrow,ShellArmor",Continent Pokemon
390,Chimchar,Fire,None,45,4,"Blaze,IronFist",Chimp Pokemon
391,Monferno,Fire,Fighting,45,4,"Blaze,IronFist",Playful Pokemon
392,Infernape,Fire,Fighting,45,4,"Blaze,IronFist",Flame Pokemon
393,Piplup,Water,None,45,4,"Torrent,Defiant",Penguin Pokemon
394,Prinplup,Water,None,45,4,"Torrent,Defiant",Penguin Pokemon
395,Empoleon,Water,Steel,45,4,"Torrent,Defiant",Emperor Pokemon
396,Starly,Normal,Flying,255,4,"KeenEye,Reckless",Starling Pokemon
397,Staravia,Normal,Flying,120,4,"Intimidate,Reckless",Starling Pokemon
398,Staraptor,Normal,Flying,45,4,"Intimidate,Reckless",Predator Pokemon
399,Bidoof,Normal,None,255,4,"Simple,Unaware,Moody",Plump Mouse Pokemon
400,Bibarel,Normal,Water,127,4,"Simple,Unaware,Moody",Beaver Pokemon
401,Kricketot,Bug,None,255,4,"ShedSkin,RunAway",Cricket Pokemon
402,Kricketune,Bug,None,45,4,"Swarm,Technician",Cricket Pokemon
403,Shinx,Electric,None,235,4,"Rivalry,Intimidate,Guts",Flash Pokemon
404,Luxio,Electric,None,120,4,"Rivalry,Intimidate,Guts",Spark Pokemon
405,Luxray,Electric,None,45,4,"Rivalry,Intimidate,Guts",Gleam Eyes Pokemon
406,Budew,Grass,Poison,255,4,"NaturalCure,PoisonPoint,LeafGuard",Bud Pokemon
407,Roserade,Grass,Poison,75,4,"NaturalCure,PoisonPoint,Technician",Bouquet Pokemon
408,Cranidos,Rock,None,45,4,"MoldBreaker,SheerForce",Head Butt Pokemon
409,Rampardos,Rock,None,45,4,"MoldBreaker,SheerForce",Head Butt Pokemon
410,Shieldon,Rock,Steel,45,4,"Sturdy,Soundproof",Shield Pokemon
411,Bastiodon,Rock,Steel,45,4,"Sturdy,Soundproof",Shield Pokemon
412,Burmy,Bug,None,120,4,"ShedSkin,Overcoat",Bagworm Pokemon
413,Wormadam,Bug,Grass,45,4,"Anticipation,Overcoat",Bagworm Pokemon
414,Mothim,Bug,Flying,45,4,"Swarm,TintedLens",Moth Pokemon
415,Combee,Bug,Flying,120,4,"HoneyGather,Hustle",Tiny Bee Pokemon
416,Vespiquen,Bug,Flying,45,4,"Pressure,Unnerve",Beehive Pokemon
417,Pachirisu,Electric,None,200,4,"RunAway,Pickup,VoltAbsorb",EleSquirrel Pokemon
418,Buizel,Water,None,190,4,"SwiftSwim,WaterVeil",Sea Weasel Pokemon
419,Floatzel,Water,None,75,4,"SwiftSwim,WaterVeil",Sea Weasel Pokemon
420,Cherubi,Grass,None,190,4,Chlorophyll,Cherry Pokemon
421,Cherrim,Grass,None,75,4,FlowerGift,Blossom Pokemon
422,Shellos,Water,None,190,4,"StickyHold,StormDrain,SandForce",Sea Slug Pokemon
423,Gastrodon,Water,Ground,75,4,"StickyHold,StormDrain,SandForce",Sea Slug Pokemon
424,Ambipom,Normal,None,45,4,"Technician,Pickup,SkillLink",Long Tail Pokemon
425,Drifloon,Ghost,Flying,125,4,"Aftermath,Unburden,FlareBoost",Balloon Pokemon
426,Drifblim,Ghost,Flying,60,4,"Aftermath,Unburden,FlareBoost",Blimp Pokemon
427,Buneary,Normal,None,190,4,"RunAway,Klutz,Limber",Rabbit Pokemon
428,Lopunny,Normal,None,60,4,"CuteCharm,Klutz,Limber",Rabbit Pokemon
429,Mismagius,Ghost,None,45,4,Levitate,Magical Pokemon
430,Honchkrow,Dark,Flying,30,4,"Insomnia,SuperLuck,Moxie",Big Boss Pokemon
431,Glameow,Normal,None,190,4,"Limber,OwnTempo,KeenEye",Catty Pokemon
432,Purugly,Normal,None,75,4,"ThickFat,OwnTempo,Defiant",Tiger Cat Pokemon
433,Chingling,Psychic,None,120,4,Levitate,Bell Pokemon
434,Stunky,Poison,Dark,225,4,"Stench,Aftermath,KeenEye",Skunk Pokemon
435,Skuntank,Poison,Dark,60,4,"Stench,Aftermath,KeenEye",Skunk Pokemon
436,Bronzor,Steel,Psychic,255,4,"Levitate,Heatproof,HeavyMetal",Bronze Pokemon
437,Bronzong,Steel,Psychic,90,4,"Levitate,Heatproof,HeavyMetal",Bronze Bell Pokemon
438,Bonsly,Rock,None,255,4,"Sturdy,RockHead,Rattled",Bonsai Pokemon
439,Mime Jr.,Psychic,Fairy,145,4,"Soundproof,Filter,Technician",Mime Pokemon
440,Happiny,Normal,None,130,4,"NaturalCure,SereneGrace,FriendGuard",Playhouse Pokemon
441,Chatot,Normal,Flying,30,4,"KeenEye,TangledFeet,BigPecks",Music Note Pokemon
442,Spiritomb,Ghost,Dark,100,4,"Pressure,Infiltrator",Forbidden Pokemon
443,Gible,Dragon,Ground,45,4,"SandVeil,RoughSkin",Land Shark Pokemon
444,Gabite,Dragon,Ground,45,4,"SandVeil,RoughSkin",Cave Pokemon
445,Garchomp,Dragon,Ground,45,4,"SandVeil,RoughSkin",Mach Pokemon
446,Munchlax,Normal,None,50,4,"Pickup,ThickFat,Gluttony",Big Eater Pokemon
447,Riolu,Fighting,None,75,4,"Steadfast,InnerFocus,Prankster",Emanation Pokemon
448,Lucario,Fighting,Steel,45,4,"Steadfast,InnerFocus,Justified",Aura Pokemon
449,Hippopotas,Ground,None,140,4,"SandStream,SandForce",Hippo Pokemon
450,Hippowdon,Ground,None,60,4,"SandStream,SandForce",Heavyweight Pokemon
451,Skorupi,Poison,Bug,120,4,"BattleArmor,Sniper,KeenEye",Scorpion Pokemon
452,Drapion,Poison,Dark,45,4,"BattleArmor,Sniper,KeenEye",Ogre Scorp Pokemon
453,Croagunk,Poison,Fighting,140,4,"Anticipation,DrySkin,PoisonTouch",Toxic Mouth Pokemon
454,Toxicroak,Poison,Fighting,75,4,"Anticipation,DrySkin,PoisonTouch",Toxic Mouth Pokemon
455,Carnivine,Grass,None,200,4,Levitate,Bug Catcher Pokemon
456,Finneon,Water,None,190,4,"SwiftSwim,StormDrain,WaterVeil",Wing Fish Pokemon
457,Lumineon,Water,None,75,4,"SwiftSwim,StormDrain,WaterVeil",Neon Pokemon
458,Mantyke,Water,Flying,25,4,"SwiftSwim,WaterAbsorb,WaterVeil",Kite Pokemon
459,Snover,Grass,Ice,120,4,"SnowWarning,Soundproof",Frosted Tree Pokemon
460,Abomasnow,Grass,Ice,60,4,"SnowWarning,Soundproof",Frosted Tree Pokemon
461,Weavile,Dark,Ice,45,4,"Pressure,Pickpocket",Sharp Claw Pokemon
462,Magnezone,Electric,Steel,30,4,"MagnetPull,Sturdy,Analytic",Magnet Area Pokemon
463,Lickilicky,Normal,None,30,4,"OwnTempo,Oblivious,CloudNine",Licking Pokemon
464,Rhyperior,Ground,Rock,30,4,"Lightningrod,SolidRock,Reckless",Drill Pokemon
465,Tangrowth,Grass,None,30,4,"Chlorophyll,LeafGuard,Regenerator",Vine Pokemon
466,Electivire,Electric,None,30,4,"MotorDrive,VitalSpirit",Thunderbolt Pokemon
467,Magmortar,Fire,None,30,4,"FlameBody,VitalSpirit",Blast Pokemon
468,Togekiss,Fairy,Flying,30,4,"Hustle,SereneGrace,SuperLuck",Jubilee Pokemon
469,Yanmega,Bug,Flying,30,4,"SpeedBoost,TintedLens,Frisk",Ogre Darner Pokemon
470,Leafeon,Grass,None,45,4,"LeafGuard,Chlorophyll",Verdant Pokemon
471,Glaceon,Ice,None,45,4,"SnowCloak,IceBody",Fresh Snow Pokemon
472,Gliscor,Ground,Flying,30,4,"HyperCutter,SandVeil,PoisonHeal",Fang Scorp Pokemon
473,Mamoswine,Ice,Ground,50,4,"Oblivious,SnowCloak,ThickFat",Twin Tusk Pokemon
474,Porygon-Z,Normal,None,30,4,"Adaptability,Download,Analytic",Virtual Pokemon
475,Gallade,Psychic,Fighting,45,4,"Steadfast,Justified",Blade Pokemon
476,Probopass,Rock,Steel,60,4,"Sturdy,MagnetPull,SandForce",Compass Pokemon
477,Dusknoir,Ghost,None,45,4,"Pressure,Frisk",Gripper Pokemon
478,Froslass,Ice,Ghost,75,4,"SnowCloak,CursedBody",Snow Land Pokemon
479,Rotom,Electric,Ghost,45,4,Levitate,Plasma Pokemon
480,Uxie,Psychic,None,3,4,Levitate,Knowledge Pokemon
481,Mesprit,Psychic,None,3,4,Levitate,Emotion Pokemon
482,Azelf,Psychic,None,3,4,Levitate,Willpower Pokemon
483,Dialga,Steel,Dragon,3,4,"Pressure,Telepathy",Temporal Pokemon
484,Palkia,Water,Dragon,3,4,"Pressure,Telepathy",Spatial Pokemon
485,Heatran,Fire,Steel,3,4,"FlashFire,FlameBody",Lava Dome Pokemon
486,Regigigas,Normal,None,3,4,SlowStart,Colossal Pokemon
487,Giratina,Ghost,Dragon,3,4,"Pressure,Telepathy,Levitate",Renegade Pokemon
488,Cresselia,Psychic,None,3,4,Levitate,Lunar Pokemon
489,Phione,Water,None,30,4,Hydration,Sea Drifter Pokemon
490,Manaphy,Water,None,3,4,Hydration,Seafaring Pokemon
491,Darkrai,Dark,None,3,4,BadDreams,Pitch-Black Pokemon
492,Shaymin,Grass,Grass,45,4,"NaturalCure,SereneGrace",Gratitude Pokemon
493,Arceus,Normal,None,3,4,Multitype,Alpha Pokemon
494,Victini,Psychic,Fire,3,5,VictoryStar,Victory Pokemon
495,Snivy,Grass,None,45,5,"Overgrow,Contrary",Grass Snake Pokemon
496,Servine,Grass,None,45,5,"Overgrow,Contrary",Grass Snake Pokemon
497,Serperior,Grass,None,45,5,"Overgrow,Contrary",Regal Pokemon
498,Tepig,Fire,None,45,5,"Blaze,ThickFat",Fire Pig Pokemon
499,Pignite,Fire,Fighting,45,5,"Blaze,ThickFat",Fire Pig Pokemon
500,Emboar,Fire,Fighting,45,5,"Blaze,Reckless",Mega Fire Pig Pokemon
501,Oshawott,Water,None,45,5,"Torrent,ShellArmor",Sea Otter Pokemon
502,Dewott,Water,None,45,5,"Torrent,ShellArmor",Discipline Pokemon
503,Samurott,Water,None,45,5,"Torrent,ShellArmor",Formidable Pokemon
504,Patrat,Normal,None,255,5,"RunAway,KeenEye,Analytic",Scout Pokemon
505,Watchog,Normal,None,255,5,"Illuminate,KeenEye,Analytic",Lookout Pokemon
506,Lillipup,Normal,None,255,5,"VitalSpirit,Pickup,RunAway",Puppy Pokemon
507,Herdier,Normal,None,120,5,"Intimidate,SandRush,Scrappy",Loyal Dog Pokemon
508,Stoutland,Normal,None,45,5,"Intimidate,SandRush,Scrappy",Big-Hearted Pokemon
509,Purrloin,Dark,None,255,5,"Limber,Unburden,Prankster",Devious Pokemon
510,Liepard,Dark,None,90,5,"Limber,Unburden,Prankster",Cruel Pokemon
511,Pansage,Grass,None,190,5,"Gluttony,Overgrow",Grass Monkey Pokemon
512,Simisage,Grass,None,75,5,"Gluttony,Overgrow",Thorn Monkey Pokemon
513,Pansear,Fire,None,190,5,"Gluttony,Blaze",High Temp Pokemon
514,Simisear,Fire,None,75,5,"Gluttony,Blaze",Ember Pokemon
515,Panpour,Water,None,190,5,"Gluttony,Torrent",Spray Pokemon
516,Simipour,Water,None,75,5,"Gluttony,Torrent",Geyser Pokemon
517,Munna,Psychic,None,190,5,"Forewarn,Synchronize,Telepathy",Dream Eater Pokemon
518,Musharna,Psychic,None,75,5,"Forewarn,Synchronize,Telepathy",Drowsing Pokemon
519,Pidove,Normal,Flying,255,5,"BigPecks,SuperLuck,Rivalry",Tiny Pigeon Pokemon
520,Tranquill,Normal,Flying,120,5,"BigPecks,SuperLuck,Rivalry",Wild Pigeon Pokemon
521,Unfezant,Normal,Flying,45,5,"BigPecks,SuperLuck,Rivalry",Proud Pokemon
522,Blitzle,Electric,None,190,5,"Lightningrod,MotorDrive,SapSipper",Electrified Pokemon
523,Zebstrika,Electric,None,75,5,"Lightningrod,MotorDrive,SapSipper",Thunderbolt Pokemon
524,Roggenrola,Rock,None,255,5,"Sturdy,WeakArmor,SandForce",Mantle Pokemon
525,Boldore,Rock,None,120,5,"Sturdy,WeakArmor,SandForce",Ore Pokemon
526,Gigalith,Rock,None,45,5,"Sturdy,SandStream,SandForce",Compressed Pokemon
527,Woobat,Psychic,Flying,190,5,"Unaware,Klutz,Simple",Bat Pokemon
528,Swoobat,Psychic,Flying,45,5,"Unaware,Klutz,Simple",Courting Pokemon
529,Drilbur,Ground,None,120,5,"SandRush,SandForce,MoldBreaker",Mole Pokemon
530,Excadrill,Ground,Steel,60,5,"SandRush,SandForce,MoldBreaker",Subterrene Pokemon
531,Audino,Normal,None,255,5,"Healer,Regenerator,Klutz",Hearing Pokemon
532,Timburr,Fighting,None,180,5,"Guts,SheerForce,IronFist",Muscular Pokemon
533,Gurdurr,Fighting,None,90,5,"Guts,SheerForce,IronFist",Muscular Pokemon
534,Conkeldurr,Fighting,None,45,5,"Guts,SheerForce,IronFist",Muscular Pokemon
535,Tympole,Water,None,255,5,"SwiftSwim,Hydration,WaterAbsorb",Tadpole Pokemon
536,Palpitoad,Water,Ground,120,5,"SwiftSwim,Hydration,WaterAbsorb",Vibration Pokemon
537,Seismitoad,Water,Ground,45,5,"SwiftSwim,PoisonTouch,WaterAbsorb",Vibration Pokemon
538,Throh,Fighting,None,45,5,"Guts,InnerFocus,MoldBreaker",Judo Pokemon
539,Sawk,Fighting,None,45,5,"Sturdy,InnerFocus,MoldBreaker",Karate Pokemon
540,Sewaddle,Bug,Grass,255,5,"Swarm,Chlorophyll,Overcoat",Sewing Pokemon
541,Swadloon,Bug,Grass,120,5,"LeafGuard,Chlorophyll,Overcoat",Leaf-Wrapped Pokemon
542,Leavanny,Bug,Grass,45,5,"Swarm,Chlorophyll,Overcoat",Nurturing Pokemon
543,Venipede,Bug,Poison,255,5,"PoisonPoint,Swarm,SpeedBoost",Centipede Pokemon
544,Whirlipede,Bug,Poison,120,5,"PoisonPoint,Swarm,SpeedBoost",Curlipede Pokemon
545,Scolipede,Bug,Poison,45,5,"PoisonPoint,Swarm,SpeedBoost",Megapede Pokemon
546,Cottonee,Grass,Fairy,190,5,"Prankster,Infiltrator,Chlorophyll",Cotton Puff Pokemon
547,Whimsicott,Grass,Fairy,75,5,"Prankster,Infiltrator,Chlorophyll",Windveiled Pokemon
548,Petilil,Grass,None,190,5,"Chlorophyll,OwnTempo,LeafGuard",Bulb Pokemon
549,Lilligant,Grass,None,75,5,"Chlorophyll,OwnTempo,LeafGuard",Flowering Pokemon
550,Basculin,Water,None,25,5,"Reckless,RockHead,Adaptability,MoldBreaker",Hostile Pokemon
551,Sandile,Ground,Dark,180,5,"Intimidate,Moxie,AngerPoint",Desert Croc Pokemon
552,Krokorok,Ground,Dark,90,5,"Intimidate,Moxie,AngerPoint",Desert Croc Pokemon
553,Krookodile,Ground,Dark,45,5,"Intimidate,Moxie,AngerPoint",Intimidation Pokemon
554,Darumaka,Fire,None,120,5,"Hustle,InnerFocus",Zen Charm Pokemon
555,Darmanitan,Fire,Fire,60,5,"SheerForce,ZenMode",Blazing Pokemon
556,Maractus,Grass,None,255,5,"WaterAbsorb,Chlorophyll,StormDrain",Cactus Pokemon
557,Dwebble,Bug,Rock,190,5,"Sturdy,ShellArmor,WeakArmor",Rock Inn Pokemon
558,Crustle,Bug,Rock,75,5,"Sturdy,ShellArmor,WeakArmor",Stone Home Pokemon
559,Scraggy,Dark,Fighting,180,5,"ShedSkin,Moxie,Intimidate",Shedding Pokemon
560,Scrafty,Dark,Fighting,90,5,"ShedSkin,Moxie,Intimidate",Hoodlum Pokemon
561,Sigilyph,Psychic,Flying,45,5,"WonderSkin,MagicGuard,TintedLens",Avianoid Pokemon
562,Yamask,Ghost,None,190,5,Mummy,Spirit Pokemon
563,Cofagrigus,Ghost,None,90,5,Mummy,Coffin Pokemon
564,Tirtouga,Water,Rock,45,5,"SolidRock,Sturdy,SwiftSwim",Prototurtle Pokemon
565,Carracosta,Water,Rock,45,5,"SolidRock,Sturdy,SwiftSwim",Prototurtle Pokemon
566,Archen,Rock,Flying,45,5,Defeatist,First Bird Pokemon
567,Archeops,Rock,Flying,45,5,Defeatist,First Bird Pokemon
568,Trubbish,Poison,None,190,5,"Stench,StickyHold,Aftermath",Trash Bag Pokemon
569,Garbodor,Poison,None,60,5,"Stench,WeakArmor,Aftermath",Trash Heap Pokemon
570,Zorua,Dark,None,75,5,Illusion,Tricky Fox Pokemon
571,Zoroark,Dark,None,45,5,Illusion,Illusion Fox Pokemon
572,Minccino,Normal,None,255,5,"CuteCharm,Technician,SkillLink",Chinchilla Pokemon
573,Cinccino,Normal,None,60,5,"CuteCharm,Technician,SkillLink",Scarf Pokemon
574,Gothita,Psychic,None,200,5,"Frisk,Competitive,ShadowTag",Fixation Pokemon
575,Gothorita,Psychic,None,100,5,"Frisk,Competitive,ShadowTag",Manipulate Pokemon
576,Gothitelle,Psychic,None,50,5,"Frisk,Competitive,ShadowTag",Astral Body Pokemon
577,Solosis,Psychic,None,200,5,"Overcoat,MagicGuard,Regenerator",Cell Pokemon
578,Duosion,Psychic,None,100,5,"Overcoat,MagicGuard,Regenerator",Mitosis Pokemon
579,Reuniclus,Psychic,None,50,5,"Overcoat,MagicGuard,Regenerator",Multiplying Pokemon
580,Ducklett,Water,Flying,190,5,"KeenEye,BigPecks,Hydration",Water Bird Pokemon
581,Swanna,Water,Flying,45,5,"KeenEye,BigPecks,Hydration",White Bird Pokemon
582,Vanillite,Ice,None,255,5,"IceBody,SnowCloak,WeakArmor",Fresh Snow Pokemon
583,Vanillish,Ice,None,120,5,"IceBody,SnowCloak,WeakArmor",Icy Snow Pokemon
584,Vanilluxe,Ice,None,45,5,"IceBody,SnowWarning,WeakArmor",Snowstorm Pokemon
585,Deerling,Normal,Grass,190,5,"Chlorophyll,SapSipper,SereneGrace",Season Pokemon
586,Sawsbuck,Normal,Grass,75,5,"Chlorophyll,SapSipper,SereneGrace",Season Pokemon
587,Emolga,Electric,Flying,200,5,"Static,MotorDrive",Sky Squirrel Pokemon
588,Karrablast,Bug,None,200,5,"Swarm,ShedSkin,NoGuard",Clamping Pokemon
589,Escavalier,Bug,Steel,75,5,"Swarm,ShellArmor,Overcoat",Cavalry Pokemon
590,Foongus,Grass,Poison,190,5,"EffectSpore,Regenerator",Mushroom Pokemon
591,Amoonguss,Grass,Poison,75,5,"EffectSpore,Regenerator",Mushroom Pokemon
592,Frillish,Water,Ghost,190,5,"WaterAbsorb,CursedBody,Damp",Floating Pokemon
593,Jellicent,Water,Ghost,60,5,"WaterAbsorb,CursedBody,Damp",Floating Pokemon
594,Alomomola,Water,None,75,5,"Healer,Hydration,Regenerator",Caring Pokemon
595,Joltik,Bug,Electric,190,5,"Compoundeyes,Unnerve,Swarm",Attaching Pokemon
596,Galvantula,Bug,Electric,75,5,"Compoundeyes,Unnerve,Swarm",EleSpider Pokemon
597,Ferroseed,Grass,Steel,255,5,IronBarbs,Thorn Seed Pokemon
598,Ferrothorn,Grass,Steel,90,5,"IronBarbs,Anticipation",Thorn Pod Pokemon
599,Klink,Steel,None,130,5,"Plus,Minus,ClearBody",Gear Pokemon
600,Klang,Steel,None,60,5,"Plus,Minus,ClearBody",Gear Pokemon
601,Klinklang,Steel,None,30,5,"Plus,Minus,ClearBody",Gear Pokemon
602,Tynamo,Electric,None,190,5,Levitate,EleFish Pokemon
603,Eelektrik,Electric,None,60,5,Levitate,EleFish Pokemon
604,Eelektross,Electric,None,30,5,Levitate,EleFish Pokemon
605,Elgyem,Psychic,None,255,5,"Telepathy,Synchronize,Analytic",Cerebral Pokemon
606,Beheeyem,Psychic,None,90,5,"Telepathy,Synchronize,Analytic",Cerebral Pokemon
607,Litwick,Ghost,Fire,190,5,"FlashFire,FlameBody,Infiltrator",Candle Pokemon
608,Lampent,Ghost,Fire,90,5,"FlashFire,FlameBody,Infiltrator",Lamp Pokemon
609,Chandelure,Ghost,Fire,45,5,"FlashFire,FlameBody,Infiltrator",Luring Pokemon
610,Axew,Dragon,None,75,5,"Rivalry,MoldBreaker,Unnerve",Tusk Pokemon
611,Fraxure,Dragon,None,60,5,"Rivalry,MoldBreaker,Unnerve",Axe Jaw Pokemon
612,Haxorus,Dragon,None,45,5,"Rivalry,MoldBreaker,Unnerve",Axe Jaw Pokemon
613,Cubchoo,Ice,None,120,5,"SnowCloak,SlushRush,Rattled",Chill Pokemon
614,Beartic,Ice,None,60,5,"SnowCloak,SlushRush,SwiftSwim",Freezing Pokemon
615,Cryogonal,Ice,None,25,5,Levitate,Crystallizing Pokemon
616,Shelmet,Bug,None,200,5,"Hydration,ShellArmor,Overcoat",Snail Pokemon
617,Accelgor,Bug,None,75,5,"Hydration,StickyHold,Unburden",Shell Out Pokemon
618,Stunfisk,Ground,Electric,75,5,"Static,Limber,SandVeil",Trap Pokemon
619,Mienfoo,Fighting,None,180,5,"InnerFocus,Regenerator,Reckless",Martial Arts Pokemon
620,Mienshao,Fighting,None,45,5,"InnerFocus,Regenerator,Reckless",Martial Arts Pokemon
621,Druddigon,Dragon,None,45,5,"RoughSkin,SheerForce,MoldBreaker",Cave Pokemon
622,Golett,Ground,Ghost,190,5,"IronFist,Klutz,NoGuard",Automaton Pokemon
623,Golurk,Ground,Ghost,90,5,"IronFist,Klutz,NoGuard",Automaton Pokemon
624,Pawniard,Dark,Steel,120,5,"Defiant,InnerFocus,Pressure",Sharp Blade Pokemon
625,Bisharp,Dark,Steel,45,5,"Defiant,InnerFocus,Pressure",Sword Blade Pokemon
626,Bouffalant,Normal,None,45,5,"Reckless,SapSipper,Soundproof",Bash Buffalo Pokemon
627,Rufflet,Normal,Flying,190,5,"KeenEye,SheerForce,Hustle",Eaglet Pokemon
628,Braviary,Normal,Flying,60,5,"KeenEye,SheerForce,Defiant",Valiant Pokemon
629,Vullaby,Dark,Flying,190,5,"BigPecks,Overcoat,WeakArmor",Diapered Pokemon
630,Mandibuzz,Dark,Flying,60,5,"BigPecks,Overcoat,WeakArmor",Bone Vulture Pokemon
631,Heatmor,Fire,None,90,5,"Gluttony,FlashFire,WhiteSmoke",Anteater Pokemon
632,Durant,Bug,Steel,90,5,"Swarm,Hustle,Truant",Iron Ant Pokemon
633,Deino,Dark,Dragon,45,5,Hustle,Irate Pokemon
634,Zweilous,Dark,Dragon,45,5,Hustle,Hostile Pokemon
635,Hydreigon,Dark,Dragon,45,5,Levitate,Brutal Pokemon
636,Larvesta,Bug,Fire,45,5,"FlameBody,Swarm",Torch Pokemon
637,Volcarona,Bug,Fire,15,5,"FlameBody,Swarm",Sun Pokemon
638,Cobalion,Steel,Fighting,3,5,Justified,Iron Will Pokemon
639,Terrakion,Rock,Fighting,3,5,Justified,Cavern Pokemon
640,Virizion,Grass,Fighting,3,5,Justified,Grassland Pokemon
641,Tornadus,Flying,None,3,5,"Prankster,Defiant,Regenerator",Cyclone Pokemon
642,Thundurus,Electric,Flying,3,5,"Prankster,Defiant,VoltAbsorb",Bolt Strike Pokemon
643,Reshiram,Dragon,Fire,3,5,Turboblaze,Vast White Pokemon
644,Zekrom,Dragon,Electric,3,5,Teravolt,Deep Black Pokemon
645,Landorus,Ground,Flying,3,5,"SandForce,SheerForce,Intimidate",Abundance Pokemon
646,Kyurem,Dragon,Ice,3,5,"Pressure,Teravolt,Turboblaze",Boundary Pokemon
647,Keldeo,Water,Fighting,3,5,Justified,Colt Pokemon
648,Meloetta,Normal,Psychic,3,5,SereneGrace,Melody Pokemon
649,Genesect,Bug,Steel,3,5,Download,Paleozoic Pokemon
650,Chespin,Grass,None,45,6,"Overgrow,Bulletproof",Spiky Nut Pokemon
651,Quilladin,Grass,None,45,6,"Overgrow,Bulletproof",Spiny Armor Pokemon
652,Chesnaught,Grass,Fighting,45,6,"Overgrow,Bulletproof",Spiny Armor Pokemon
653,Fennekin,Fire,None,45,6,"Blaze,Magician",Fox Pokemon
654,Braixen,Fire,None,45,6,"Blaze,Magician",Fox Pokemon
655,Delphox,Fire,Psychic,45,6,"Blaze,Magician",Fox Pokemon
656,Froakie,Water,None,45,6,"Torrent,Protean",Bubble Frog Pokemon
657,Frogadier,Water,None,45,6,"Torrent,Protean",Bubble Frog Pokemon
658,Greninja,Water,Dark,45,6,"Torrent,Protean,BattleBond",Ninja Pokemon
659,Bunnelby,Normal,None,255,6,"Pickup,CheekPouch,HugePower",Digging Pokemon
660,Diggersby,Normal,Ground,127,6,"Pickup,CheekPouch,HugePower",Digging Pokemon
661,Fletchling,Normal,Flying,255,6,"BigPecks,GaleWings",Tiny Robin Pokemon
662,Fletchinder,Fire,Flying,120,6,"FlameBody,GaleWings",Ember Pokemon
663,Talonflame,Fire,Flying,45,6,"FlameBody,GaleWings",Scorching Pokemon
664,Scatterbug,Bug,None,255,6,"ShieldDust,Compoundeyes,FriendGuard",Scatterdust Pokemon
665,Spewpa,Bug,None,120,6,"ShedSkin,FriendGuard",Scatterdust Pokemon
666,Vivillon,Bug,Flying,45,6,"ShieldDust,Compoundeyes,FriendGuard",Scale Pokemon
667,Litleo,Fire,Normal,220,6,"Rivalry,Unnerve,Moxie",Lion Cub Pokemon
668,Pyroar,Fire,Normal,65,6,"Rivalry,Unnerve,Moxie",Royal Pokemon
669,Flabebe,Fairy,None,225,6,"FlowerVeil,Symbiosis",Single Bloom Pokemon
670,Floette,Fairy,None,120,6,"FlowerVeil,Symbiosis",Fairy Pokemon
671,Florges,Fairy,None,45,6,"FlowerVeil,Symbiosis",Garden Pokemon
672,Skiddo,Grass,None,200,6,"SapSipper,GrassPelt",Mount Pokemon
673,Gogoat,Grass,None,45,6,"SapSipper,GrassPelt",Mount Pokemon
674,Pancham,Fighting,None,220,6,"IronFist,MoldBreaker,Scrappy",Playful Pokemon
675,Pangoro,Fighting,Dark,65,6,"IronFist,MoldBreaker,Scrappy",Daunting Pokemon
676,Furfrou,Normal,None,160,6,FurCoat,Poodle Pokemon
677,Espurr,Psychic,None,190,6,"KeenEye,Infiltrator,OwnTempo",Restraint Pokemon
678,Meowstic,Psychic,None,75,6,"KeenEye,Infiltrator,Prankster,Competitive",Constraint Pokemon
679,Honedge,Steel,Ghost,180,6,NoGuard,Sword Pokemon
680,Doublade,Steel,Ghost,90,6,NoGuard,Sword Pokemon
681,Aegislash,Steel,Ghost,45,6,StanceChange,Royal Sword Pokemon
682,Spritzee,Fairy,None,200,6,"Healer,AromaVeil",Perfume Pokemon
683,Aromatisse,Fairy,None,140,6,"Healer,AromaVeil",Fragrance Pokemon
684,Swirlix,Fairy,None,200,6,"SweetVeil,Unburden",Cotton Candy Pokemon
685,Slurpuff,Fairy,None,140,6,"SweetVeil,Unburden",Meringue Pokemon
686,Inkay,Dark,Psychic,190,6,"Contrary,SuctionCups,Infiltrator",Revolving Pokemon
687,Malamar,Dark,Psychic,80,6,"Contrary,SuctionCups,Infiltrator",Overturning Pokemon
688,Binacle,Rock,Water,120,6,"ToughClaws,Sniper,Pickpocket",Two-Handed Pokemon
689,Barbaracle,Rock,Water,45,6,"ToughClaws,Sniper,Pickpocket",Collective Pokemon
690,Skrelp,Poison,Water,225,6,"PoisonPoint,PoisonTouch,Adaptability",Mock Kelp Pokemon
691,Dragalge,Poison,Dragon,55,6,"PoisonPoint,PoisonTouch,Adaptability",Mock Kelp Pokemon
692,Clauncher,Water,None,225,6,MegaLauncher,Water Gun Pokemon
693,Clawitzer,Water,None,55,6,MegaLauncher,Howitzer Pokemon
694,Helioptile,Electric,Normal,190,6,"DrySkin,SandVeil,SolarPower",Generator Pokemon
695,Heliolisk,Electric,Normal,75,6,"DrySkin,SandVeil,SolarPower",Generator Pokemon
696,Tyrunt,Rock,Dragon,45,6,"StrongJaw,Sturdy",Royal Heir Pokemon
697,Tyrantrum,Rock,Dragon,45,6,"StrongJaw,RockHead",Despot Pokemon
698,Amaura,Rock,Ice,45,6,"Refrigerate,SnowWarning",Tundra Pokemon
699,Aurorus,Rock,Ice,45,6,"Refrigerate,SnowWarning",Tundra Pokemon
700,Sylveon,Fairy,None,45,6,"CuteCharm,Pixilate",Intertwining Pokemon
701,Hawlucha,Fighting,Flying,100,6,"Limber,Unburden,MoldBreaker",Wrestling Pokemon
702,Dedenne,Electric,Fairy,180,6,"CheekPouch,Pickup,Plus",Antenna Pokemon
703,Carbink,Rock,Fairy,60,6,"ClearBody,Sturdy",Jewel Pokemon
704,Goomy,Dragon,None,45,6,"SapSipper,Hydration,Gooey",Soft Tissue Pokemon
705,Sliggoo,Dragon,None,45,6,"SapSipper,Hydration,Gooey",Soft Tissue Pokemon
706,Goodra,Dragon,None,45,6,"SapSipper,Hydration,Gooey",Dragon Pokemon
707,Klefki,Steel,Fairy,75,6,"Prankster,Magician",Key Ring Pokemon
708,Phantump,Ghost,Grass,120,6,"NaturalCure,Frisk,Harvest",Stump Pokemon
709,Trevenant,Ghost,Grass,60,6,"NaturalCure,Frisk,Harvest",Elder Tree Pokemon
710,Pumpkaboo,Ghost,Grass,120,6,"Pickup,Frisk,Insomnia",Pumpkin Pokemon
711,Gourgeist,Ghost,Grass,60,6,"Pickup,Frisk,Insomnia",Pumpkin Pokemon
712,Bergmite,Ice,None,190,6,"OwnTempo,IceBody,Sturdy",Ice Chunk Pokemon
713,Avalugg,Ice,None,55,6,"OwnTempo,IceBody,Sturdy",Iceberg Pokemon
714,Noibat,Flying,Dragon,190,6,"Frisk,Infiltrator,Telepathy",Sound Wave Pokemon
715,Noivern,Flying,Dragon,45,6,"Frisk,Infiltrator,Telepathy",Sound Wave Pokemon
716,Xerneas,Fairy,None,45,6,FairyAura,Life Pokemon
717,Yveltal,Dark,Flying,45,6,DarkAura,Destruction Pokemon
718,Zygarde,Dragon,Ground,3,6,"AuraBreak,PowerConstruct",Order Pokemon
719,Diancie,Rock,Fairy,3,6,ClearBody,Jewel Pokemon
720,Hoopa,Psychic,Ghost,3,6,Magician,Mischief Pokemon (Confined)Djinn Pokemonn (Unbound)
721,Volcanion,Fire,Water,3,6,WaterAbsorb,Steam Pokemon
722,Rowlet,Grass,Flying,45,7,"Overgrow,LongReach",Grass Quill Pokemon
723,Dartrix,Grass,Flying,45,7,"Overgrow,LongReach",Blade Quill Pokemon
724,Decidueye,Grass,Ghost,45,7,"Overgrow,LongReach",Arrow Quill Pokemon
725,Litten,Fire,None,45,7,"Blaze,Intimidate",Fire Cat Pokemon
726,Torracat,Fire,None,45,7,"Blaze,Intimidate",Fire Cat Pokemon
727,Incineroar,Fire,Dark,45,7,"Blaze,Intimidate",Heel Pokemon
728,Popplio,Water,None,45,7,"Torrent,LiquidVoice",Sea Lion Pokemon
729,Brionne,Water,None,45,7,"Torrent,LiquidVoice",Pop Star Pokemon
730,Primarina,Water,Fairy,45,7,"Torrent,LiquidVoice",Soloist Pokemon
731,Pikipek,Normal,Flying,255,7,"KeenEye,SkillLink,Pickup",Woodpecker Pokemon
732,Trumbeak,Normal,Flying,120,7,"KeenEye,SkillLink,Pickup",Bugle Beak Pokemon
733,Toucannon,Normal,Flying,45,7,"KeenEye,SkillLink,SheerForce",Cannon Pokemon
734,Yungoos,Normal,None,255,7,"Stakeout,StrongJaw,Adaptability",Loitering Pokemon
735,Gumshoos,Normal,None,127,7,"Stakeout,StrongJaw,Adaptability",Stakeout Pokemon
736,Grubbin,Bug,None,255,7,Swarm,Larva Pokemon
737,Charjabug,Bug,Electric,120,7,Battery,Battery Pokemon
738,Vikavolt,Bug,Electric,45,7,Levitate,Stag Beetle Pokemon
739,Crabrawler,Fighting,None,225,7,"HyperCutter,IronFist,AngerPoint",Boxing Pokemon
740,Crabominable,Fighting,Ice,60,7,"HyperCutter,IronFist,AngerPoint",Woolly Crab Pokemon
741,Oricorio,Fire,Flying,45,7,Dancer,Dancing Pokemon
742,Cutiefly,Bug,Fairy,190,7,"HoneyGather,ShieldDust,SweetVeil",Bee Fly Pokemon
743,Ribombee,Bug,Fairy,75,7,"HoneyGather,ShieldDust,SweetVeil",Bee Fly Pokemon
744,Rockruff,Rock,None,190,7,"KeenEye,VitalSpirit,Steadfast",Puppy Pokemon
745,Lycanroc,Rock,None,90,7,"KeenEye,SandRush,Steadfast,KeenEye,VitalSpirit,NoGuard",Wolf Pokemon
746,Wishiwashi,Water,None,60,7,Schooling,Small Fry Pokemon
747,Mareanie,Poison,Water,190,7,"Merciless,Limber,Regenerator",Brutal Star Pokemon
748,Toxapex,Poison,Water,75,7,"Merciless,Limber,Regenerator",Brutal Star Pokemon
749,Mudbray,Ground,None,190,7,"OwnTempo,Stamina,InnerFocus",Donkey Pokemon
750,Mudsdale,Ground,None,60,7,"OwnTempo,Stamina,InnerFocus",Draft Horse Pokemon
751,Dewpider,Water,Bug,200,7,"WaterBubble,WaterAbsorb",Water Bubble Pokemon
752,Araquanid,Water,Bug,100,7,"WaterBubble,WaterAbsorb",Water Bubble Pokemon
753,Fomantis,Grass,None,190,7,"LeafGuard,Contrary",Sickle Grass Pokemon
754,Lurantis,Grass,None,75,7,"LeafGuard,Contrary",Bloom Sickle Pokemon
755,Morelull,Grass,Fairy,190,7,"Illuminate,EffectSpore,RainDish",Illuminating Pokemon
756,Shiinotic,Grass,Fairy,75,7,"Illuminate,EffectSpore,RainDish",Illuminating Pokemon
757,Salandit,Poison,Fire,120,7,"Corrosion,Oblivious",Toxic Lizard Pokemon
758,Salazzle,Poison,Fire,45,7,"Corrosion,Oblivious",Toxic Lizard Pokemon
759,Stufful,Normal,Fighting,140,7,"Fluffy,Klutz,CuteCharm",Flailing Pokemon
760,Bewear,Normal,Fighting,70,7,"Fluffy,Klutz,Unnerve",Strong Arm Pokemon
761,Bounsweet,Grass,None,235,7,"LeafGuard,Oblivious,SweetVeil",Fruit Pokemon
762,Steenee,Grass,None,120,7,"LeafGuard,Oblivious,SweetVeil",Fruit Pokemon
763,Tsareena,Grass,None,45,7,"LeafGuard,QueenlyMajesty,SweetVeil",Fruit Pokemon
764,Comfey,Fairy,None,60,7,"FlowerVeil,Triage,NaturalCure",Posy Picker Pokemon
765,Oranguru,Normal,Psychic,45,7,"InnerFocus,Telepathy,Symbiosis",Sage Pokemon
766,Passimian,Fighting,None,45,7,"Receiver,Defiant",Teamwork Pokemon
767,Wimpod,Bug,Water,90,7,WimpOut,Turn Tail Pokemon
768,Golisopod,Bug,Water,45,7,EmergencyExit,Hard Scale Pokemon
769,Sandygast,Ghost,Ground,140,7,"WaterCompaction,SandVeil",Sand Heap Pokemon
770,Palossand,Ghost,Ground,60,7,"WaterCompaction,SandVeil",Sand Castle Pokemon
771,Pyukumuku,Water,None,60,7,"InnardsOut,Unaware",Sea Cucumber Pokemon
772,Type: Null,Normal,None,3,7,BattleArmor,Synthetic Pokemon
773,Silvally,Normal,None,3,7,RKSSystem,Synthetic Pokemon
774,Minior,Rock,Flying,45,7,ShieldsDown,Meteor Pokemon
775,Komala,Normal,None,45,7,Comatose,Drowsing Pokemon
776,Turtonator,Fire,Dragon,70,7,ShellArmor,Blast Turtle Pokemon
777,Togedemaru,Electric,Steel,180,7,"IronBarbs,Lightningrod,Sturdy",Roly-Poly Pokemon
778,Mimikyu,Ghost,Fairy,45,7,Disguise,Disguise Pokemon
779,Bruxish,Water,Psychic,80,7,"Dazzling,StrongJaw,WonderSkin",Gnash Teeth Pokemon
780,Drampa,Normal,Dragon,70,7,"Berserk,SapSipper,CloudNine",Placid Pokemon
781,Dhelmise,Ghost,Grass,25,7,Steelworker,Sea Creeper Pokemon
782,Jangmo-o,Dragon,None,45,7,"Bulletproof,Soundproof,Overcoat",Scaly Pokemon
783,Hakamo-o,Dragon,Fighting,45,7,"Bulletproof,Soundproof,Overcoat",Scaly Pokemon
784,Kommo-o,Dragon,Fighting,45,7,"Bulletproof,Soundproof,Overcoat",Scaly Pokemon
785,Tapu Koko,Electric,Fairy,3,7,"ElectricSurge,Telepathy",Land Spirit Pokemon
786,Tapu Lele,Psychic,Fairy,3,7,"PsychicSurge,Telepathy",Land Spirit Pokemon
787,Tapu Bulu,Grass,Fairy,3,7,"GrassySurge,Telepathy",Land Spirit Pokemon
788,Tapu Fini,Water,Fairy,3,7,"MistySurge,Telepathy",Land Spirit Pokemon
789,Cosmog,Psychic,None,45,7,Unaware,Nebula Pokemon
790,Cosmoem,Psychic,None,45,7,Sturdy,Protostar Pokemon
791,Solgaleo,Psychic,Steel,45,7,FullMetalBody,Sunne Pokemon
792,Lunala,Psychic,Ghost,45,7,ShadowShield,Moone Pokemon
793,Nihilego,Rock,Poison,45,7,BeastBoost,Parasite Pokemon
794,Buzzwole,Bug,Fighting,25,7,BeastBoost,Swollen Pokemon
795,Pheromosa,Bug,Fighting,255,7,BeastBoost,Lissome Pokemon
796,Xurkitree,Electric,None,30,7,BeastBoost,Glowing Pokemon
797,Celesteela,Steel,Flying,25,7,BeastBoost,Launch Pokemon
798,Kartana,Grass,Steel,255,7,BeastBoost,Drawn Sword Pokemon
799,Guzzlord,Dark,Dragon,15,7,BeastBoost,Junkivore Pokemon
800,Necrozma,Psychic,None,3,7,PrismArmor,Prism Pokemon
801,Magearna,Steel,Fairy,3,7,Soul-Heart,Artificial Pokemon